,00:00,01:00,02:00,03:00,04:00,05:00,06:00,07:00,08:00,09:00,10:00,11:00,12:00,13:00,14:00,15:00,16:00,17:00,18:00,19:00,20:00,21:00,22:00,23:00
Schueler,RM,RM,RM,RM,RM,RM,RM,RM,RM,HS,HS,HS,HS,HS,HS,HS,HS,Park,Park,Park,RM,RM,RM,RM
Student,RM|Night,RM|Night,RM,RM,RM,RM,RM,RM,RM,Uni,Uni,Uni,Uni,Uni,Uni,Uni,Park,Park,RM,RM,RM,RM|Night,RM|Night,RM|Night
ArbeitendJ,RM|Night|Restaurant,RM|Night|Restaurant,RM,RM,RM,RM,RM,OM,OM,OM,OM,OM,OM,OM,OM,OM,OM|Park,OM|Park,OM|Park,RM,RM,RM|Night|Restaurant,RM|Night|Restaurant,RM|Night|Restaurant
Hausmensch,RM|Restaurant,RM|Restaurant,RM,RM,RM,RM,RM,RM,RM,RM,RM,Shopping,Shopping,Shopping,Shopping,Park,Park,Park,Park,RM,RM,RM,RM,RM|Restaurant
ArbeitendM,RM|Restaurant,RM|Restaurant,RM,RM,RM,RM,RM,OM,OM,OM,OM,OM,OM,OM,OM,OM,OM,OM,Cultural,Cultural,RM,RM,RM,RM|Restaurant
Rentner,RM|Restaurant,RM|Restaurant,RM,RM,RM,RM,RM,RM,RM,RM,RM,RM,RM,RM,RM,RM,RM|Park,RM|Park,RM,RM,RM,RM,RM,RM|Restaurant
